date,market_cap,total_volume,facebook_likes,twitter_followers,reddit_average_posts_48h,reddit_average_comments_48h,reddit_subscribers,reddit_accounts_active_48h,forks,stars,subscribers,total_issues,closed_issues,pull_requests_merged,pull_request_contributors,commit_count_4_weeks,alexa_rank,bing_matches
2017-01-01,,,,,,,,,,,,,,,,,,
2017-01-02,,,,,,,,,,,,,,,,,,
2017-01-03,,,,,,,,,,,,,,,,,,
2017-01-04,,,,,,,,,,,,,,,,,,
2017-01-05,,,,,,,,,,,,,,,,,,
2017-01-06,,,,,,,,,,,,,,,,,,
2017-01-07,,,,,,,,,,,,,,,,,,
2017-01-08,,,,,,,,,,,,,,,,,,
2017-01-09,,,,,,,,,,,,,,,,,,
2017-01-10,,,,,,,,,,,,,,,,,,
2017-01-11,,,,,,,,,,,,,,,,,,
2017-01-12,,,,,,,,,,,,,,,,,,
2017-01-13,,,,,,,,,,,,,,,,,,
2017-01-14,,,,,,,,,,,,,,,,,,
2017-01-15,,,,,,,,,,,,,,,,,,
2017-01-16,,,,,,,,,,,,,,,,,,
2017-01-17,,,,,,,,,,,,,,,,,,
2017-01-18,,,,,,,,,,,,,,,,,,
2017-01-19,,,,,,,,,,,,,,,,,,
2017-01-20,,,,,,,,,,,,,,,,,,
2017-01-21,,,,,,,,,,,,,,,,,,
2017-01-22,,,,,,,,,,,,,,,,,,
2017-01-23,,,,,,,,,,,,,,,,,,
2017-01-24,,,,,,,,,,,,,,,,,,
2017-01-25,,,,,,,,,,,,,,,,,,
2017-01-26,,,,,,,,,,,,,,,,,,
2017-01-27,,,,,,,,,,,,,,,,,,
2017-01-28,,,,,,,,,,,,,,,,,,
2017-01-29,,,,,,,,,,,,,,,,,,
2017-01-30,,,,,,,,,,,,,,,,,,
2017-01-31,,,,,,,,,,,,,,,,,,
2017-02-01,,,,,,,,,,,,,,,,,,
2017-02-02,,,,,,,,,,,,,,,,,,
2017-02-03,,,,,,,,,,,,,,,,,,
2017-02-04,,,,,,,,,,,,,,,,,,
2017-02-05,,,,,,,,,,,,,,,,,,
2017-02-06,,,,,,,,,,,,,,,,,,
2017-02-07,,,,,,,,,,,,,,,,,,
2017-02-08,,,,,,,,,,,,,,,,,,
2017-02-09,,,,,,,,,,,,,,,,,,
2017-02-10,,,,,,,,,,,,,,,,,,
2017-02-11,,,,,,,,,,,,,,,,,,
2017-02-12,,,,,,,,,,,,,,,,,,
2017-02-13,,,,,,,,,,,,,,,,,,
2017-02-14,,,,,,,,,,,,,,,,,,
2017-02-15,,,,,,,,,,,,,,,,,,
2017-02-16,,,,,,,,,,,,,,,,,,
2017-02-17,,,,,,,,,,,,,,,,,,
2017-02-18,,,,,,,,,,,,,,,,,,
2017-02-19,,,,,,,,,,,,,,,,,,
2017-02-20,,,,,,,,,,,,,,,,,,
2017-02-21,,,,,,,,,,,,,,,,,,
2017-02-22,,,,,,,,,,,,,,,,,,
2017-02-23,,,,,,,,,,,,,,,,,,
2017-02-24,,,,,,,,,,,,,,,,,,
2017-02-25,,,,,,,,,,,,,,,,,,
2017-02-26,,,,,,,,,,,,,,,,,,
2017-02-27,,,,,,,,,,,,,,,,,,
2017-02-28,,,,,,,,,,,,,,,,,,
2017-03-01,,,,,,,,,,,,,,,,,,
2017-03-02,,,,,,,,,,,,,,,,,,
2017-03-03,,,,,,,,,,,,,,,,,,
2017-03-04,,,,,,,,,,,,,,,,,,
2017-03-05,,,,,,,,,,,,,,,,,,
2017-03-06,,,,,,,,,,,,,,,,,,
2017-03-07,,,,,,,,,,,,,,,,,,
2017-03-08,,,,,,,,,,,,,,,,,,
2017-03-09,,,,,,,,,,,,,,,,,,
2017-03-10,,,,,,,,,,,,,,,,,,
2017-03-11,,,,,,,,,,,,,,,,,,
2017-03-12,,,,,,,,,,,,,,,,,,
2017-03-13,,,,,,,,,,,,,,,,,,
2017-03-14,,,,,,,,,,,,,,,,,,
2017-03-15,,,,,,,,,,,,,,,,,,
2017-03-16,,,,,,,,,,,,,,,,,,
2017-03-17,,,,,,,,,,,,,,,,,,
2017-03-18,,,,,,,,,,,,,,,,,,
2017-03-19,,,,,,,,,,,,,,,,,,
2017-03-20,,,,,,,,,,,,,,,,,,
2017-03-21,,,,,,,,,,,,,,,,,,
2017-03-22,,,,,,,,,,,,,,,,,,
2017-03-23,,,,,,,,,,,,,,,,,,
2017-03-24,,,,,,,,,,,,,,,,,,
2017-03-25,,,,,,,,,,,,,,,,,,
2017-03-26,,,,,,,,,,,,,,,,,,
2017-03-27,,,,,,,,,,,,,,,,,,
2017-03-28,,,,,,,,,,,,,,,,,,
2017-03-29,,,,,,,,,,,,,,,,,,
2017-03-30,,,,,,,,,,,,,,,,,,
2017-03-31,,,,,,,,,,,,,,,,,,
2017-04-01,,,,,,,,,,,,,,,,,,
2017-04-02,,,,,,,,,,,,,,,,,,
2017-04-03,,,,,,,,,,,,,,,,,,
2017-04-04,,,,,,,,,,,,,,,,,,
2017-04-05,,,,,,,,,,,,,,,,,,
2017-04-06,,,,,,,,,,,,,,,,,,
2017-04-07,,,,,,,,,,,,,,,,,,
2017-04-08,,,,,,,,,,,,,,,,,,
2017-04-09,,,,,,,,,,,,,,,,,,
2017-04-10,,,,,,,,,,,,,,,,,,
2017-04-11,,,,,,,,,,,,,,,,,,
2017-04-12,,,,,,,,,,,,,,,,,,
2017-04-13,,,,,,,,,,,,,,,,,,
2017-04-14,,,,,,,,,,,,,,,,,,
2017-04-15,,,,,,,,,,,,,,,,,,
2017-04-16,,,,,,,,,,,,,,,,,,
2017-04-17,,,,,,,,,,,,,,,,,,
2017-04-18,,,,,,,,,,,,,,,,,,
2017-04-19,,,,,,,,,,,,,,,,,,
2017-04-20,,,,,,,,,,,,,,,,,,
2017-04-21,,,,,,,,,,,,,,,,,,
2017-04-22,,,,,,,,,,,,,,,,,,
2017-04-23,,,,,,,,,,,,,,,,,,
2017-04-24,,,,,,,,,,,,,,,,,,
2017-04-25,,,,,,,,,,,,,,,,,,
2017-04-26,,,,,,,,,,,,,,,,,,
2017-04-27,,,,,,,,,,,,,,,,,,
2017-04-28,,,,,,,,,,,,,,,,,,
2017-04-29,,,,,,,,,,,,,,,,,,
2017-04-30,,,,,,,,,,,,,,,,,,
2017-05-01,,,,,,,,,,,,,,,,,,
2017-05-02,,,,,,,,,,,,,,,,,,
2017-05-03,,,,,,,,,,,,,,,,,,
2017-05-04,,,,,,,,,,,,,,,,,,
2017-05-05,,,,,,,,,,,,,,,,,,
2017-05-06,,,,,,,,,,,,,,,,,,
2017-05-07,,,,,,,,,,,,,,,,,,
2017-05-08,,,,,,,,,,,,,,,,,,
2017-05-09,,,,,,,,,,,,,,,,,,
2017-05-10,,,,,,,,,,,,,,,,,,
2017-05-11,,,,,,,,,,,,,,,,,,
2017-05-12,,,,,,,,,,,,,,,,,,
2017-05-13,,,,,,,,,,,,,,,,,,
2017-05-14,,,,,,,,,,,,,,,,,,
2017-05-15,,,,,,,,,,,,,,,,,,
2017-05-16,,,,,,,,,,,,,,,,,,
2017-05-17,,,,,,,,,,,,,,,,,,
2017-05-18,,,,,,,,,,,,,,,,,,
2017-05-19,,,,,,,,,,,,,,,,,,
2017-05-20,,,,,,,,,,,,,,,,,,
2017-05-21,,,,,,,,,,,,,,,,,,
2017-05-22,,,,,,,,,,,,,,,,,,
2017-05-23,,,,,,,,,,,,,,,,,,
2017-05-24,,,,,,,,,,,,,,,,,,
2017-05-25,,,,,,,,,,,,,,,,,,
2017-05-26,,,,,,,,,,,,,,,,,,
2017-05-27,,,,,,,,,,,,,,,,,,
2017-05-28,,,,,,,,,,,,,,,,,,
2017-05-29,,,,,,,,,,,,,,,,,,
2017-05-30,,,,,,,,,,,,,,,,,,
2017-05-31,,,,,,,,,,,,,,,,,,
2017-06-01,,,,,,,,,,,,,,,,,,
2017-06-02,,,,,,,,,,,,,,,,,,
2017-06-03,,,,,,,,,,,,,,,,,,
2017-06-04,,,,,,,,,,,,,,,,,,
2017-06-05,,,,,,,,,,,,,,,,,,
2017-06-06,,,,,,,,,,,,,,,,,,
2017-06-07,,,,,,,,,,,,,,,,,,
2017-06-08,,,,,,,,,,,,,,,,,,
2017-06-09,,,,,,,,,,,,,,,,,,
2017-06-10,,,,,,,,,,,,,,,,,,
2017-06-11,,,,,,,,,,,,,,,,,,
2017-06-12,,,,,,,,,,,,,,,,,,
2017-06-13,,,,,,,,,,,,,,,,,,
2017-06-14,,,,,,,,,,,,,,,,,,
2017-06-15,,,,,,,,,,,,,,,,,,
2017-06-16,,,,,,,,,,,,,,,,,,
2017-06-17,,,,,,,,,,,,,,,,,,
2017-06-18,,,,,,,,,,,,,,,,,,
2017-06-19,,,,,,,,,,,,,,,,,,
2017-06-20,,,,,,,,,,,,,,,,,,
2017-06-21,,,,,,,,,,,,,,,,,,
2017-06-22,,,,,,,,,,,,,,,,,,
2017-06-23,,,,,,,,,,,,,,,,,,
2017-06-24,,,,,,,,,,,,,,,,,,
2017-06-25,,,,,,,,,,,,,,,,,,
2017-06-26,,,,,,,,,,,,,,,,,,
2017-06-27,,,,,,,,,,,,,,,,,,
2017-06-28,,,,,,,,,,,,,,,,,,
2017-06-29,,,,,,,,,,,,,,,,,,
2017-06-30,,,,,,,,,,,,,,,,,,
2017-07-01,,,,,,,,,,,,,,,,,,
2017-07-02,,,,,,,,,,,,,,,,,,
2017-07-03,,,,,,,,,,,,,,,,,,
2017-07-04,,,,,,,,,,,,,,,,,,
2017-07-05,,,,,,,,,,,,,,,,,,
2017-07-06,,,,,,,,,,,,,,,,,,
2017-07-07,,,,,,,,,,,,,,,,,,
2017-07-08,,,,,,,,,,,,,,,,,,
2017-07-09,,,,,,,,,,,,,,,,,,
2017-07-10,,,,,,,,,,,,,,,,,,
2017-07-11,,,,,,,,,,,,,,,,,,
2017-07-12,,,,,,,,,,,,,,,,,,
2017-07-13,,,,,,,,,,,,,,,,,,
2017-07-14,,,,,,,,,,,,,,,,,,
2017-07-15,,,,,,,,,,,,,,,,,,
2017-07-16,,,,,,,,,,,,,,,,,,
2017-07-17,,,,,,,,,,,,,,,,,,
2017-07-18,,,,,,,,,,,,,,,,,,
2017-07-19,,,,,,,,,,,,,,,,,,
2017-07-20,,,,,,,,,,,,,,,,,,
2017-07-21,,,,,,,,,,,,,,,,,,
2017-07-22,,,,,,,,,,,,,,,,,,
2017-07-23,,,,,,,,,,,,,,,,,,
2017-07-24,,,,,,,,,,,,,,,,,,
2017-07-25,,,,,,,,,,,,,,,,,,
2017-07-26,,,,,,,,,,,,,,,,,,
2017-07-27,,,,,,,,,,,,,,,,,,
2017-07-28,,,,,,,,,,,,,,,,,,
2017-07-29,,,,,,,,,,,,,,,,,,
2017-07-30,,,,,,,,,,,,,,,,,,
2017-07-31,,,,,,,,,,,,,,,,,,
2017-08-01,,,,,,,,,,,,,,,,,,
2017-08-02,,,,,,,,,,,,,,,,,,
2017-08-03,,,,,,,,,,,,,,,,,,
2017-08-04,,,,,,,,,,,,,,,,,,
2017-08-05,,,,,,,,,,,,,,,,,,
2017-08-06,,,,,,,,,,,,,,,,,,
2017-08-07,,,,,,,,,,,,,,,,,,
2017-08-08,,,,,,,,,,,,,,,,,,
2017-08-09,,,,,,,,,,,,,,,,,,
2017-08-10,,,,,,,,,,,,,,,,,,
2017-08-11,,,,,,,,,,,,,,,,,,
2017-08-12,,,,,,,,,,,,,,,,,,
2017-08-13,,,,,,,,,,,,,,,,,,
2017-08-14,,,,,,,,,,,,,,,,,,
2017-08-15,,,,,,,,,,,,,,,,,,
2017-08-16,,,,,,,,,,,,,,,,,,
2017-08-17,,,,,,,,,,,,,,,,,,
2017-08-18,,,,,,,,,,,,,,,,,,
2017-08-19,,,,,,,,,,,,,,,,,,
2017-08-20,,,,,,,,,,,,,,,,,,
2017-08-21,,,,,,,,,,,,,,,,,,
2017-08-22,,,,,,,,,,,,,,,,,,
2017-08-23,,,,,,,,,,,,,,,,,,
2017-08-24,,,,,,,,,,,,,,,,,,
2017-08-25,,,,,,,,,,,,,,,,,,
2017-08-26,,,,,,,,,,,,,,,,,,
2017-08-27,,,,,,,,,,,,,,,,,,
2017-08-28,,,,,,,,,,,,,,,,,,
2017-08-29,,,,,,,,,,,,,,,,,,
2017-08-30,,,,,,,,,,,,,,,,,,
2017-08-31,,,,,,,,,,,,,,,,,,
2017-09-01,,,,,,,,,,,,,,,,,,
2017-09-02,,,,,,,,,,,,,,,,,,
2017-09-03,,,,,,,,,,,,,,,,,,
2017-09-04,,,,,,,,,,,,,,,,,,
2017-09-05,,,,,,,,,,,,,,,,,,
2017-09-06,,,,,,,,,,,,,,,,,,
2017-09-07,,,,,,,,,,,,,,,,,,
2017-09-08,,,,,,,,,,,,,,,,,,
2017-09-09,,,,,,,,,,,,,,,,,,
2017-09-10,,,,,,,,,,,,,,,,,,
2017-09-11,,,,,,,,,,,,,,,,,,
2017-09-12,,,,,,,,,,,,,,,,,,
2017-09-13,,,,,,,,,,,,,,,,,,
2017-09-14,,,,,,,,,,,,,,,,,,
2017-09-15,,,,,,,,,,,,,,,,,,
2017-09-16,,,,,,,,,,,,,,,,,,
2017-09-17,,,,,,,,,,,,,,,,,,
2017-09-18,,,,,,,,,,,,,,,,,,
2017-09-19,,,,,,,,,,,,,,,,,,
2017-09-20,,,,,,,,,,,,,,,,,,
2017-09-21,,,,,,,,,,,,,,,,,,
2017-09-22,,,,,,,,,,,,,,,,,,
2017-09-23,,,,,,,,,,,,,,,,,,
2017-09-24,,,,,,,,,,,,,,,,,,
2017-09-25,,,,,,,,,,,,,,,,,,
2017-09-26,,,,,,,,,,,,,,,,,,
2017-09-27,,,,,,,,,,,,,,,,,,
2017-09-28,,,,,,,,,,,,,,,,,,
2017-09-29,,,,,,,,,,,,,,,,,,
2017-09-30,,,,,,,,,,,,,,,,,,
2017-10-01,,,,,,,,,,,,,,,,,,
2017-10-02,,,,,,,,,,,,,,,,,,
2017-10-03,,,,,,,,,,,,,,,,,,
2017-10-04,,,,,,,,,,,,,,,,,,
2017-10-05,,,,,,,,,,,,,,,,,,
2017-10-06,,,,,,,,,,,,,,,,,,
2017-10-07,,,,,,,,,,,,,,,,,,
2017-10-08,,,,,,,,,,,,,,,,,,
2017-10-09,,,,,,,,,,,,,,,,,,
2017-10-10,,,,,,,,,,,,,,,,,,
2017-10-11,,,,,,,,,,,,,,,,,,
2017-10-12,,,,,,,,,,,,,,,,,,
2017-10-13,,,,,,,,,,,,,,,,,,
2017-10-14,,,,,,,,,,,,,,,,,,
2017-10-15,,,,,,,,,,,,,,,,,,
2017-10-16,,,,,,,,,,,,,,,,,,
2017-10-17,,,,,,,,,,,,,,,,,,
2017-10-18,,,,,,,,,,,,,,,,,,
2017-10-19,,,,,,,,,,,,,,,,,,
2017-10-20,,,,,,,,,,,,,,,,,,
2017-10-21,,,,,,,,,,,,,,,,,,
2017-10-22,,,,,,,,,,,,,,,,,,
2017-10-23,,,,,,,,,,,,,,,,,,
2017-10-24,,,,,,,,,,,,,,,,,,
2017-10-25,,,,,,,,,,,,,,,,,,
2017-10-26,,,,,,,,,,,,,,,,,,
2017-10-27,,,,,,,,,,,,,,,,,,
2017-10-28,,,,,,,,,,,,,,,,,,
2017-10-29,,,,,,,,,,,,,,,,,,
2017-10-30,,,,,,,,,,,,,,,,,,
2017-10-31,,,,,,,,,,,,,,,,,,
2017-11-01,,,,,,,,,,,,,,,,,,
2017-11-02,,,,,,,,,,,,,,,,,,
2017-11-03,,,,,,,,,,,,,,,,,,
2017-11-04,,,,,,,,,,,,,,,,,,
2017-11-05,,,,,,,,,,,,,,,,,,
2017-11-06,,,,,,,,,,,,,,,,,,
2017-11-07,,,,,,,,,,,,,,,,,,
2017-11-08,,,,,,,,,,,,,,,,,,
2017-11-09,,,,,,,,,,,,,,,,,,
2017-11-10,,,,,,,,,,,,,,,,,,
2017-11-11,,,,,,,,,,,,,,,,,,
2017-11-12,,,,,,,,,,,,,,,,,,
2017-11-13,,,,,,,,,,,,,,,,,,
2017-11-14,,,,,,,,,,,,,,,,,,
2017-11-15,,,,,,,,,,,,,,,,,,
2017-11-16,,,,,,,,,,,,,,,,,,
2017-11-17,,,,,,,,,,,,,,,,,,
2017-11-18,,,,,,,,,,,,,,,,,,
2017-11-19,,,,,,,,,,,,,,,,,,
2017-11-20,,,,,,,,,,,,,,,,,,
2017-11-21,,,,,,,,,,,,,,,,,,
2017-11-22,,,,,,,,,,,,,,,,,,
2017-11-23,,,,,,,,,,,,,,,,,,
2017-11-24,,,,,,,,,,,,,,,,,,
2017-11-25,,,,,,,,,,,,,,,,,,
2017-11-26,,,,,,,,,,,,,,,,,,
2017-11-27,,,,,,,,,,,,,,,,,,
2017-11-28,,,,,,,,,,,,,,,,,,
2017-11-29,,,,,,,,,,,,,,,,,,
2017-11-30,,,,,,,,,,,,,,,,,,
2017-12-01,,,,,,,,,,,,,,,,,,
2017-12-02,,,,,,,,,,,,,,,,,,
2017-12-03,,,,,,,,,,,,,,,,,,
2017-12-04,,,,,,,,,,,,,,,,,,
2017-12-05,,,,,,,,,,,,,,,,,,
2017-12-06,,,,,,,,,,,,,,,,,,
2017-12-07,,,,,,,,,,,,,,,,,,
2017-12-08,,,,,,,,,,,,,,,,,,
2017-12-09,,,,,,,,,,,,,,,,,,
2017-12-10,,,,,,,,,,,,,,,,,,
2017-12-11,,,,,,,,,,,,,,,,,,
2017-12-12,,,,,,,,,,,,,,,,,,
2017-12-13,,,,,,,,,,,,,,,,,,
2017-12-14,,,,,,,,,,,,,,,,,,
2017-12-15,,,,,,,,,,,,,,,,,,
2017-12-16,,,,,,,,,,,,,,,,,,
2017-12-17,,,,,,,,,,,,,,,,,,
2017-12-18,,,,,,,,,,,,,,,,,,
2017-12-19,,,,,,,,,,,,,,,,,,
2017-12-20,,,,,,,,,,,,,,,,,,
2017-12-21,,,,,,,,,,,,,,,,,,
2017-12-22,,,,,,,,,,,,,,,,,,
2017-12-23,,,,,,,,,,,,,,,,,,
2017-12-24,,,,,,,,,,,,,,,,,,
2017-12-25,,,,,,,,,,,,,,,,,,
2017-12-26,,,,,,,,,,,,,,,,,,
2017-12-27,,,,,,,,,,,,,,,,,,
2017-12-28,,,,,,,,,,,,,,,,,,
2017-12-29,,,,,,,,,,,,,,,,,,
2017-12-30,,,,,,,,,,,,,,,,,,
2017-12-31,,,,,,,,,,,,,,,,,,
2018-01-01,,,,,,,,,,,,,,,,,,
2018-01-02,,,,,,,,,,,,,,,,,,
2018-01-03,,,,,,,,,,,,,,,,,,
2018-01-04,,,,,,,,,,,,,,,,,,
2018-01-05,,,,,,,,,,,,,,,,,,
2018-01-06,,,,,,,,,,,,,,,,,,
2018-01-07,,,,,,,,,,,,,,,,,,
2018-01-08,,,,,,,,,,,,,,,,,,
2018-01-09,,,,,,,,,,,,,,,,,,
2018-01-10,,,,,,,,,,,,,,,,,,
2018-01-11,,,,,,,,,,,,,,,,,,
2018-01-12,,,,,,,,,,,,,,,,,,
2018-01-13,,,,,,,,,,,,,,,,,,
2018-01-14,,,,,,,,,,,,,,,,,,
2018-01-15,,,,,,,,,,,,,,,,,,
2018-01-16,,,,,,,,,,,,,,,,,,
2018-01-17,,,,,,,,,,,,,,,,,,
2018-01-18,,,,,,,,,,,,,,,,,,
2018-01-19,,,,,,,,,,,,,,,,,,
2018-01-20,,,,,,,,,,,,,,,,,,
2018-01-21,,,,,,,,,,,,,,,,,,
2018-01-22,135001346.83917072,233922.5919256783,,,0.0,0.0,,,,,,,,,,,384870,4110000
2018-01-23,122219674.01518446,228727.8133842385,,,0.0,0.0,,,,,,,,,,,352806,3850000
2018-01-24,110247640.53064659,109339.45207227876,,,0.0,0.0,,,,,,,,,,,320616,3850000
2018-01-25,111740837.57361045,55820.484786249246,,,0.0,0.0,,,,,,,,,,,311105,3850000
2018-01-26,126342424.32690747,145026.73967820947,,,0.5,10.8,1408,134.0,,,,,,,,,303460,3850000
2018-01-27,125478803.83863442,123980.15778329199,,,0.353,6.618,1443,104.0,,,,,,,,,298048,3780000
2018-01-28,122244131.37429926,167262.29632822025,,,0.32,5.1,1506,91.0,,,,,,,,,292028,3780000
2018-01-29,114822230.00994463,68808.80970764112,,,0.306,4.0,1533,85.0,,,,,,,,,283087,3760000
2018-01-30,113767616.185131,73131.2526050615,,,0.234,3.255,1568,81.0,,,,,,,,,283087,3800000
2018-01-31,96330197.14932498,91819.0270443669,,,0.319,4.83,1595,83.0,,,,,,,,,275845,3800000
2018-02-01,100376794.9936327,88226.17726786713,,,0.837,10.429,1665,113.0,,,,,,,,0,271164,3800000
2018-02-02,78362958.72849528,63882.52618282045,,,0.776,9.265,1682,113.0,2,7,2,0,0,0,0,0,267414,3830000
2018-02-03,66782864.84388169,68088.48098205705,,,0.143,1.837,1692,78.0,2,7,2,0,0,0,0,0,265150,3830000
2018-02-04,71163858.26481278,41890.87606466917,,,0.082,1.347,1716,75.0,2,7,2,0,0,0,0,0,262526,3840000
2018-02-05,57698946.4006712,28768.193848519903,,,0.104,1.521,1732,73.0,2,7,2,0,0,0,0,0,259777,3840000
2018-02-06,42162330.10351747,31398.29397406228,,,0.163,1.367,1745,68.0,2,7,3,0,0,0,0,0,258822,3910000
2018-02-07,48545723.09370263,23223.047663061992,,,0.143,1.959,1760,70.0,2,7,3,0,0,0,0,0,257204,3910000
2018-02-08,60333989.08140953,42591.747880807765,,,0.184,4.755,1781,73.0,2,7,3,0,0,0,0,0,251005,3910000
2018-02-09,58214882.93922602,34066.227889290436,,,0.265,5.041,1788,71.0,2,7,3,0,0,0,0,0,249460,3810000
2018-02-10,,,,,,,,,,,,,,,,,,
2018-02-11,,,,,,,,,,,,,,,,,,
2018-02-12,,,,,,,,,,,,,,,,,,
2018-02-13,,,,,,,,,,,,,,,,,,
2018-02-14,,,,,,,,,,,,,,,,,,
2018-02-15,,,,,,,,,,,,,,,,,,
2018-02-16,,,,,,,,,,,,,,,,,,
2018-02-17,,,,,,,,,,,,,,,,,,
2018-02-18,,,,,,,,,,,,,,,,,,
2018-02-19,,,,,,,,,,,,,,,,,,
2018-02-20,,,,,,,,,,,,,,,,,,
2018-02-21,,,,,,,,,,,,,,,,,,
2018-02-22,,,,,,,,,,,,,,,,,,
2018-02-23,,,,,,,,,,,,,,,,,,
2018-02-24,,,,,,,,,,,,,,,,,,
2018-02-25,,,,,,,,,,,,,,,,,,
2018-02-26,,,,,,,,,,,,,,,,,,
2018-02-27,,,,,,,,,,,,,,,,,,
2018-02-28,,,,,,,,,,,,,,,,,,
2018-03-01,,,,,,,,,,,,,,,,,,
2018-03-02,,,,,,,,,,,,,,,,,,
2018-03-03,,,,,,,,,,,,,,,,,,
2018-03-04,,,,,,,,,,,,,,,,,,
2018-03-05,,,,,,,,,,,,,,,,,,
2018-03-06,,,,,,,,,,,,,,,,,,
2018-03-07,,,,,,,,,,,,,,,,,,
2018-03-08,27201750.0,1589230.0,,,0.122,2.245,2028,58.0,3,7,5,0,0,0,0,0,219121,3670000
2018-03-09,21884700.0,1899120.0,,,0.163,2.531,2027,61.0,3,7,5,0,0,0,0,0,219121,3670000
2018-03-10,24527250.0,1860890.0,,,0.061,1.204,2032,57.0,3,7,5,0,0,0,0,0,217665,3670000
2018-03-11,23119200.0,1158010.0,,,0.042,0.896,2029,53.0,3,7,5,0,0,0,0,0,217499,3670000
2018-03-12,25789950.0,835311.0,,,0.042,0.646,2027,51.0,3,7,5,0,0,0,0,0,216671,3670000
2018-03-13,23441550.0,397306.0,,,0.061,0.816,2030,49.0,3,7,5,0,0,0,0,0,216405,3670000
2018-03-14,23616150.0,786348.0,,,0.167,1.563,2027,49.0,3,7,5,0,0,0,0,0,216421,3670000
2018-03-15,20269500.0,691253.0,,,0.191,1.936,2030,49.0,3,7,5,0,0,0,0,0,216442,3460000
2018-03-16,19802850.0,699599.0,,,0.125,1.583,2030,49.0,3,7,5,0,0,0,0,0,215189,3460000
2018-03-17,20245950.0,586962.0,,,0.146,2.875,2033,49.0,3,7,5,0,0,0,0,0,215311,3460000
2018-03-18,18819000.0,541554.0,,,0.083,2.271,2033,48.0,3,7,5,0,0,0,0,0,215274,3460000
2018-03-19,17986650.0,847094.0,,,0.063,0.75,2036,47.0,3,7,5,0,0,0,0,0,215189,3460000
2018-03-20,19043850.0,993830.0,,,0.061,0.755,2039,47.0,3,7,5,0,0,0,0,0,214881,3460000
2018-03-21,23285550.0,1240960.0,,,0.021,0.542,2046,48.0,3,7,5,0,0,0,0,0,214874,3460000
2018-03-22,21909900.0,912647.0,,,0.0,0.245,2046,45.0,3,7,5,0,0,0,0,0,214874,3460000
2018-03-23,21363750.0,1526670.0,,,0.039,0.549,2046,42.0,3,7,5,0,0,0,0,0,215029,3460000
2018-03-24,21021450.0,2191710.0,,,0.04,0.52,2047,42.0,3,7,5,0,0,0,0,0,215279,3460000
2018-03-25,19977150.0,1387070.0,,,0.167,1.292,2056,47.0,3,7,5,0,0,0,0,0,215490,3460000
2018-03-26,19473150.0,1626040.0,,,0.184,1.694,2065,54.0,3,7,5,0,0,0,0,0,215284,3600000
2018-03-27,20574900.0,1286720.0,,,0.041,0.755,2066,53.0,3,7,5,0,0,0,0,0,213710,3600000
2018-03-28,20078100.0,1604620.0,,,0.063,0.896,2073,46.0,3,7,5,0,0,0,0,0,211664,3600000
2018-03-29,19329150.0,1469450.0,,,0.061,0.796,2071,42.0,3,7,5,0,0,0,0,0,210726,3600000
2018-03-30,17404200.0,1743770.0,,,0.061,0.429,2069,41.0,3,7,5,0,0,0,0,0,210326,3600000
2018-03-31,17863200.0,983178.0,,,0.083,0.521,2068,42.0,3,7,5,0,0,0,0,0,210342,3600000
2018-04-01,17441250.0,1032040.0,,,0.041,0.694,2072,42.0,3,7,5,0,0,0,0,0,210342,3600000
2018-04-02,17266800.0,1093750.0,,,0.021,1.167,2073,39.0,3,7,5,0,0,0,0,0,210038,3600000
2018-04-03,17938500.0,880567.0,,,0.02,0.939,2073,38.0,3,7,5,0,0,0,0,0,209734,3600000
2018-04-04,18917250.0,998962.0,,,0.082,0.469,2076,39.0,3,7,5,0,0,0,0,0,209365,3600000
2018-04-05,17270700.0,861423.0,,,0.082,0.51,2074,39.0,3,7,5,0,0,0,0,0,209305,3600000
2018-04-06,17323200.0,846171.0,,,0.0,0.184,2073,37.0,3,7,5,0,0,0,0,0,208920,4170000
2018-04-07,16768350.0,779693.0,,,0.0,0.167,2077,38.0,3,7,5,0,0,0,0,0,208954,4170000
2018-04-08,17218200.0,1070800.0,,,0.0,0.12,2079,37.0,3,7,5,0,0,0,0,0,212352,4170000
2018-04-09,17187450.0,1158500.0,,,0.02,0.3,2082,38.0,3,7,5,0,0,0,0,0,212153,4170000
2018-04-10,17568176.293537058,1186230.933353715,,,0.041,0.633,2082,38.0,3,7,5,0,0,0,0,,212131,4170000
2018-04-11,18348996.577439588,1185221.299761116,,,0.063,0.75,2084,37.0,3,7,5,0,0,0,0,0,212188,4170000
2018-04-12,17052474.552535634,1088048.1573138998,,,0.08,0.72,2086,37.0,3,7,5,0,0,0,0,0,212678,4170000
2018-04-13,20853086.073906697,1818747.7767321263,,,0.061,0.408,2089,40.0,,,,,,,,,212487,4170000
2018-04-14,23697244.216199048,3028365.887810033,,,0.021,0.125,2091,43.0,,,,,,,,,217441,4170000
2018-04-15,25068413.07176124,2240667.700742882,,,0.0,0.082,2090,41.0,,,,,,,,,223314,4170000
2018-04-16,31912783.50038025,3269318.781852679,,,0.02,0.082,2092,42.0,,,,,,,,,235431,4170000
2018-04-17,30460682.758923966,2459420.731286542,,,0.021,0.042,2092,42.0,,,,,,,,,253412,4170000
2018-04-18,27084719.034146056,2131574.8912211983,,,0.021,0.271,2093,41.0,,,,,,,,,268086,4170000
2018-04-19,31725486.401452444,3141848.777982051,,,0.02,0.408,2095,43.0,,,,,,,,,289438,4170000
2018-04-20,34325767.90732868,3484975.0823846343,,,0.043,0.468,,,,,,,,,,,304887,4170000
2018-04-21,36846188.97719573,4195610.703515684,,,0.0,0.0,,,,,,,,,,,318754,4170000
2018-04-22,47173008.19067559,14659710.7144261,,,0.0,0.769,2114,47.0,,,,,,,,,334997,4170000
2018-04-23,52156940.44939312,24291292.071753044,,,0.276,4.655,2123,52.7,,,,,,,,,358110,4170000
2018-04-24,67363897.63996458,29961137.640225958,,,0.357,5.452,2127,57.3255813953488,,,,,,,,,399949,4170000
2018-04-25,64375494.31968924,23867170.222469263,,,0.18,2.5,2131,50.1960784313725,,,,,,,,,416725,1510000
2018-04-26,53548642.77017946,16553006.382769458,,,0.102,1.061,2136,46.72,,,,,,,,,431573,1510000
2018-04-27,59400001.46612584,13540807.949452447,,,0.224,2.531,2138,53.8,,,,,,,,,444069,1510000
2018-04-28,55408420.485488474,16377650.036957523,,,0.224,2.265,2140,54.3,,,,,,,,,457726,1510000
2018-04-29,55225377.50805431,10997706.149559181,,,0.106,1.277,2142,55.25,,,,,,,,,485775,1510000
2018-04-30,52214983.98503072,12920539.44230955,,,0.064,1.404,2146,56.5416666666667,,,,,,,,,491661,1510000
2018-05-01,50495255.45225904,13841631.26410993,,,0.043,0.362,2144,53.1041666666667,,,,,,,,,505104,1510000
2018-05-02,49074926.30111539,9655811.151780153,,,0.041,0.469,2142,49.66,,,,,,,,,523555,1510000
2018-05-03,46427865.56972787,8281078.029744825,,,0.08,1.06,2146,50.6862745098039,,,,,,,,,525606,1510000
2018-05-04,52240389.66351573,76228.35435066264,,,0.083,1.021,2145,56.1224489795918,,,,,,,,,525510,1510000
2018-05-05,65316361.00376308,19143827.020461053,,,0.064,0.681,2147,56.75,,,,,,,,,537064,1510000
2018-05-06,57830194.36237167,17199782.33795609,,,0.042,0.5,2147,51.734693877551,,,,,,,,,535414,3640000
2018-05-07,59854883.127684005,14477215.941299068,,,0.043,0.468,2148,49.125,,,,,,,,,507108,3640000
2018-05-08,54527134.236413464,11163367.04878639,,,0.063,0.729,2149,48.1020408163265,,,,,,,,,536275,3640000
2018-05-09,52782807.7609023,11546486.10809228,,,0.064,0.723,2150,47.4791666666667,,,,,,,,,544948,3640000
2018-05-10,52359368.72281511,10897642.832464552,,,0.043,0.404,2152,48.2291666666667,,,,,,,,,544948,3640000
2018-05-11,51811094.94482847,10306197.06785057,,,0.063,0.417,2154,49.0204081632653,,,,,,,,,552258,3640000
2018-05-12,47572569.316528514,10326548.098271457,,,0.083,0.396,2153,47.4897959183673,,,,,,,,,548673,3640000
2018-05-13,46785190.289015524,10241218.295076568,,,0.083,0.813,2152,46.1428571428571,,,,,,,,,555274,3640000
2018-05-14,50088139.43565647,9301672.807566991,,,0.083,0.854,2155,44.8775510204082,,,,,,,,,556282,3640000
2018-05-15,48313618.62257158,9509893.646011565,,,0.063,0.396,2157,46.4285714285714,,,,,,,,,605323,3640000
2018-05-16,46710628.091473065,9547562.41382214,,,0.063,0.833,2154,48.0408163265306,,,,,,,,,612490,3640000
2018-05-17,45473904.38226525,8223225.730574542,,,0.064,0.851,2155,46.1666666666667,,,,,,,,,612767,2680000
2018-05-18,41030690.923592664,7594689.084198452,,,0.106,0.681,2156,45.875,,,,,,,,,611172,2680000
2018-05-19,43036951.56683452,7885540.26061357,,,0.085,0.511,2153,42.2708333333333,,,,,,,,,617252,2680000
2018-05-20,40890343.40170456,7299650.769669027,,,0.021,0.277,2153,35.4583333333333,,,,,,,,,622258,2680000
2018-05-21,45426185.60270917,9230485.791351952,,,0.021,0.34,2158,33.125,,,,,,,,,618214,2680000
2018-05-22,42026990.81797537,8309087.324993355,,,0.023,0.209,2160,31.9772727272727,,,,,,,,,621577,2680000
2018-05-23,37658181.662750944,6982125.325897722,,,0.07,0.907,2160,28.1818181818182,,,,,,,,,633216,2680000
2018-05-24,28914373.260052327,7138480.299599428,,,0.051,0.897,2163,26.275,,,,,,,,,633405,2680000
2018-05-25,33037435.795795992,7402391.32279874,,,0.067,0.5,2162,28.3225806451613,,,,,,,,,634169,2680000
2018-05-26,33971613.37824772,6289929.268618586,,,0.067,0.567,2164,27.2258064516129,,,,,,,,,645984,2680000
2018-05-27,33904558.25929936,5581847.208345598,,,0.097,1.452,2166,27.75,,,,,,,,,648551,2680000
2018-05-28,33692370.778524466,5532400.653748705,,,0.094,1.813,2166,33.9393939393939,,,,,,,,,655578,3260000
2018-05-29,32077308.69548144,7012141.142596048,,,0.0,0.485,2168,34.0,,,,,,,,,663077,3260000
2018-05-30,37376455.02832568,9348000.467138087,,,0.0,0.125,2170,30.2121212121212,,,,,,,,,669218,3260000
2018-05-31,40385754.1344934,9703657.813473932,,,0.063,0.313,2177,29.5454545454545,,,,,,,,,670079,3260000
2018-06-01,40417572.495981574,9224746.033855146,,,0.097,0.355,2178,29.75,,,,,,,,,671259,3260000
2018-06-02,37999037.82608134,9860515.506892668,,,0.133,1.0,2179,28.741935483871,,,,,,,,,619147,3260000
2018-06-03,36311900.72524699,8135020.957738908,,,0.065,0.581,2180,27.625,,,,,,,,,616107,3260000
2018-06-04,35962323.73642679,7711542.006317417,,,0.063,0.563,2183,26.7878787878788,,,,,,,,,616050,3260000
2018-06-05,33327463.516662687,7126234.109111752,,,0.063,0.531,2183,26.8787878787879,,,,,,,,,620840,3260000
2018-06-06,32965138.212627772,7743698.89308625,,,0.031,0.063,2184,26.6969696969697,,,,,,,,,622800,3260000
2018-06-07,32030317.683795955,6684221.981193778,,,0.031,0.125,2185,27.3636363636364,,,,,,,,,623511,3260000
2018-06-08,31559208.88645052,6759977.765363253,,,0.0,0.065,2184,25.6875,,,,,,,,,632210,3440000
2018-06-09,30657679.47343624,6475082.727919514,,,0.0,0.04,2184,23.5,,,,,,,,,642210,3440000
2018-06-10,28780842.684736103,6324006.974870786,,,0.0,0.04,2184,24.1923076923077,,,,,,,,,649223,3440000
2018-06-11,27170795.950916123,6951989.279094144,,,0.031,0.531,2185,24.2121212121212,,,,,,,,,650212,3440000
2018-06-12,26305014.524019368,6981058.426421852,,,0.032,0.581,2184,26.125,,,,,,,,,650212,3440000
2018-06-13,21097977.57557112,5816788.435922833,,,0.032,0.129,2183,27.25,,,,,,,,,661567,3440000
2018-06-14,21052207.080377683,5375184.607430289,,,0.032,0.161,2183,26.8125,,,,,,,,,661533,3440000
2018-06-15,23622458.971174467,5514553.707028444,,,0.067,0.333,2184,26.4193548387097,,,,,,,,,661613,3440000
2018-06-16,21839777.531390738,4567197.23926576,,,0.167,1.233,2181,24.7096774193548,,,,,,,,,677895,3440000
2018-06-17,21787006.061122302,4431564.724925131,,,0.2,1.767,2181,23.6129032258065,,,,,,,,,670771,3440000
2018-06-18,20518621.253530327,4086473.38205324,,,0.207,1.931,2181,24.6666666666667,,,,,,,,,670458,3440000
2018-06-19,21663735.12555191,4399511.329089264,,,0.103,1.276,2181,25.4333333333333,,,,,,,,,671257,3470000
2018-06-20,21438789.969554137,4725516.7896239655,,,0.034,0.862,2181,24.3333333333333,,,,,,,,,676616,3470000
2018-06-21,21272466.54960391,4279081.698529319,,,0.036,0.179,2180,28.448275862069,,,,,,,,,676446,3470000
2018-06-22,35535678.44605606,4233176.937062986,,,0.071,0.214,2181,27.9310344827586,,,,,,,,,672296,3470000
2018-06-23,32470514.52045876,4102966.9267088575,,,0.143,0.857,2180,25.9310344827586,,,,,,,,,671943,3470000
2018-06-24,31057446.80541015,3173857.8575971336,,,0.111,0.852,2181,27.2142857142857,,,,,,,,,671198,3470000
2018-06-25,30754985.332420956,4718079.190238258,,,0.148,0.444,2180,27.8214285714286,,,,,,,,,669702,3470000
2018-06-26,32158435.83819703,5120785.284544299,,,0.148,0.444,2179,25.8928571428571,,,,,,,,,675061,3470000
2018-06-27,31170058.781991452,4027625.710393874,,,0.037,0.667,2181,24.7142857142857,,,,,,,,,692470,3470000
2018-06-28,27063337.978946272,5160338.531750776,,,0.071,0.679,2183,26.9310344827586,,,,,,,,,714539,3470000
2018-06-29,28418696.25358049,3706239.6625993107,,,0.107,0.5,2185,26.7241379310345,,,,,,,,,720222,3470000
2018-06-30,28611436.061554313,4403550.367087103,,,0.074,0.63,2186,27.9642857142857,,,,,,,,,728606,3500000
2018-07-01,28790471.824046653,3767707.7797780363,,,0.0,0.148,2186,27.5357142857143,,,,,,,,,715964,3500000
2018-07-02,28971091.289753206,2342571.936369864,,,0.0,0.148,2187,27.8928571428571,,,,,,,,,709337,3500000
2018-07-03,30881497.930864193,4104237.9378813496,,,0.037,0.852,2188,34.25,,,,,,,,,704842,3500000
2018-07-04,30816375.064811446,4532994.409525083,,,0.037,0.778,2188,35.8571428571429,,,,,,,,,701830,3500000
2018-07-05,30745834.50609818,3926453.541985624,,,0.0,0.074,2189,35.8928571428571,,,,,,,,,701796,3500000
2018-07-06,29651444.32073695,4015605.727797909,,,0.074,0.148,2189,38.8571428571429,,,,,,,,,700658,3500000
2018-07-07,27911829.264943447,3738071.237499807,,,0.074,0.148,2188,39.1071428571429,,,,,,,,,700974,3500000
2018-07-08,28484123.277161505,3820918.3650323055,,,0.037,0.222,2189,40.1785714285714,,,,,,,,,709211,3500000
2018-07-09,30189621.15290931,3971595.0280603827,,,0.037,0.481,2189,37.9285714285714,,,,,,,,,709139,3500000
2018-07-10,28582157.259196173,4370480.300333632,,,0.077,0.385,2190,33.4444444444444,,,,,,,,,709705,3500000
2018-07-11,23176755.699834432,3633604.341167191,,,0.115,0.577,2190,31.8518518518519,,,,,,,,,709578,3380000
2018-07-12,24079360.86753864,3402351.7092877463,,,0.077,0.962,2191,32.8888888888889,,,,,,,,,704225,3380000
2018-07-13,22332556.943938274,2933417.800580506,,,0.115,0.731,2191,34.1481481481481,,,,,,,,,718550,3380000
2018-07-14,23525638.14904976,2928882.221356147,,,0.074,0.37,2191,32.0357142857143,,,,,,,,,712986,3380000
2018-07-15,24738643.590955086,2259398.2719347626,,,0.0,0.037,2191,31.25,,,,,,,,,717398,3380000
2018-07-16,25343007.82021617,2870212.811094329,,,0.0,0.077,2191,33.9259259259259,,,,,,,,,715833,3380000
2018-07-17,27066506.786356356,3436275.0336210504,,,0.038,0.615,2189,36.1851851851852,,,,,,,,,717125,3380000
2018-07-18,28268613.124592356,3923510.9830796085,,,0.077,0.538,2190,35.9259259259259,,,,,,,,,721931,3380000
2018-07-19,29654282.929001126,5190999.71602692,,,0.077,0.077,2190,40.7037037037037,,,,,,,,,728575,3380000
2018-07-20,26446150.7566783,3069862.134348232,,,0.154,0.462,2187,65.9259259259259,,,,,,,,,728717,3380000
2018-07-21,24229075.627226524,3029713.8268381446,,,0.115,0.385,2187,99.9259259259259,,,,,,,,,737898,3380000
2018-07-22,23595682.833746124,3062615.8745250637,,,0.0,0.0,2186,113.555555555556,,,,,,,,,739713,3310000
2018-07-23,23124853.47457354,2814894.2328205355,,,0.038,0.308,2183,112.444444444444,,,,,,,,,773043,3310000
2018-07-24,23743832.462311625,2826691.784736374,,,0.115,0.462,2185,93.6666666666667,,,,,,,,,778970,3310000
2018-07-25,23480527.95945841,2139934.096018571,,,0.115,1.0,2188,100.444444444444,,,,,,,,,723423,3310000
2018-07-26,23855090.650836684,2989962.9496772103,,,0.077,1.0,2187,115.222222222222,,,,,,,,,727175,3310000
2018-07-27,23132025.791128915,2650930.632613487,,,0.154,0.423,2186,101.518518518519,,,,,,,,,727175,3310000
2018-07-28,22032363.697385397,2492486.805360684,,,0.12,0.32,2187,96.3461538461538,,,,,,,,,735928,3310000
2018-07-29,22161837.6856281,2532942.281493324,,,0.0,0.04,2188,94.8461538461538,,,,,,,,,728171,3310000
2018-07-30,21461788.898367025,2555914.324242123,,,0.32,2.72,2188,96.7307692307692,,,,,,,,,718875,3310000
2018-07-31,21178754.982014425,2918112.1071320865,,,0.577,3.346,2188,103.444444444444,,,,,,,,,735783,3310000
2018-08-01,19899840.449313544,2717338.3775927084,,,0.308,1.346,2185,102.518518518519,,,,,,,,,742603,3310000
2018-08-02,17614297.03727747,2153266.0099746804,,,0.08,0.92,2187,101.538461538462,,,,,,,,,742603,3530000
2018-08-03,17286389.979038835,1846555.0905834073,,,0.08,0.6,2189,110.807692307692,,,,,,,,,742603,3530000
2018-08-04,17657920.390378837,1940304.5381936166,,,0.04,0.68,2188,149.0,,,,,,,,,742603,3530000
2018-08-05,17334751.82489717,1596919.0918786824,,,0.0,0.24,2188,182.923076923077,,,,,,,,,742603,3530000
2018-08-06,17076537.26861049,1789406.157736278,,,0.08,0.36,2188,174.038461538462,,,,,,,,,742603,3530000
2018-08-07,18821331.971050814,4498181.094123412,,,0.12,0.36,2187,144.615384615385,,,,,,,,,742603,3530000
2018-08-08,16925877.571326993,2283295.544667119,,,0.091,0.455,2188,111.173913043478,,,,,,,,,742603,3530000
2018-08-09,14552099.107164627,1921134.4083479794,,,0.045,0.455,2188,96.2173913043478,,,,,,,,,742603,3530000
2018-08-10,15043452.10718556,1927557.024599157,,,0.042,0.125,2188,96.16,,,,,,,,,742603,3530000
2018-08-11,13584712.07325571,1911922.3401107565,,,0.042,0.125,2187,109.76,,,,,,,,,742603,3530000
2018-08-12,13021226.21717197,1886626.2141528598,,,0.0,0.0,2186,139.153846153846,,,,,,,,,742603,3530000
2018-08-13,13366628.200910773,2200532.023845375,,,0.04,0.04,2183,163.307692307692,,,,,,,,,742603,3490000
2018-08-14,12700876.697126243,2045302.6328040496,,,0.12,0.4,2181,169.538461538462,,,,,,,,,742603,3490000
2018-08-15,11641996.936945582,1684617.2629888267,,,0.167,0.833,2179,184.08,,,,,,,,,742603,3490000
2018-08-16,11220513.776801193,1356025.9652388422,,,0.083,0.667,2178,177.12,,,,,,,,,742603,3490000
2018-08-17,10687614.234767575,1281399.9542520198,,,0.042,0.292,2178,157.6,,,,,,,,,742603,3490000
2018-08-18,13439305.955005225,1604433.0724629087,,,0.083,0.208,2179,151.72,,,,,,,,,742603,3490000
2018-08-19,11740556.177565988,1505356.5864564488,,,0.042,0.125,2177,147.44,,,,,,,,,742603,3490000
2018-08-20,11761046.83700948,1302759.8634226932,,,0.087,0.261,2174,145.875,,,,,,,,,742603,3490000
2018-08-21,11310099.820673637,1231133.044161757,,,0.13,0.261,2174,127.458333333333,,,,,,,,,742603,3490000
2018-08-22,11497475.36692663,1184413.838150976,,,0.042,0.125,2175,113.76,,,,,,,,,742603,3490000
2018-08-23,11102067.033132367,1291792.9097090983,,,0.0,0.125,2175,117.88,,,,,,,,,742603,3490000
2018-08-24,12431086.304699166,1251940.434270011,,,0.083,0.25,2175,121.52,,,,,,,,,742603,3650000
2018-08-25,12151563.879899846,1412739.529833508,,,0.087,0.217,2175,127.625,,,,,,,,,742603,3650000
2018-08-26,12129133.232952856,1363083.392799294,,,0.043,0.217,2173,133.666666666667,,,,,,,,,742603,3650000
2018-08-27,11856284.598676357,1204061.8237398858,,,0.087,0.522,2173,140.0,,,,,,,,,742603,3650000
2018-08-28,12133079.49675177,1165142.382248987,,,0.043,0.348,2174,144.875,,,,,,,,,742603,3650000
2018-08-29,12582772.377941584,1150619.7232863526,,,0.0,0.045,2173,150.913043478261,,,,,,,,,742603,3650000
2018-08-30,13318017.680982452,1897219.6531812984,,,0.13,0.217,2173,158.125,,,,,,,,,742603,3650000
2018-08-31,13515205.543923516,1360746.6164781745,,,0.217,0.522,2175,158.833333333333,,,,,,,,,742603,3650000
